time,open,high,low,close,volume,value
2025-08-01 09:00:00+07:00,34.75,35.0,34.75,35.0,252700,0.0
2025-08-01 10:00:00+07:00,35.0,35.0,33.75,34.0,6292500,0.0
2025-08-01 11:00:00+07:00,34.0,34.25,33.75,33.75,1241100,0.0
2025-08-01 12:00:00+07:00,33.75,34.0,33.75,34.0,1459300,0.0
2025-08-01 13:00:00+07:00,33.75,34.0,33.75,34.0,126300,0.0
2025-08-01 14:00:00+07:00,34.0,34.25,34.0,34.0,2306300,0.0
2025-08-01 15:00:00+07:00,34.0,34.25,33.75,33.75,2964700,0.0
2025-08-01 16:00:00+07:00,33.75,34.0,33.5,33.75,2782300,0.0
2025-08-04 09:00:00+07:00,33.5,33.5,33.5,33.5,140200,0.0
2025-08-04 10:00:00+07:00,33.75,33.75,32.5,32.75,7759200,0.0
2025-08-04 11:00:00+07:00,32.75,33.0,32.5,32.75,1723700,0.0
2025-08-04 12:00:00+07:00,32.75,33.25,32.75,33.0,1516300,0.0
2025-08-04 13:00:00+07:00,33.0,33.0,33.0,33.0,497500,0.0
2025-08-04 14:00:00+07:00,33.0,33.5,33.0,33.25,3326700,0.0
2025-08-04 15:00:00+07:00,33.25,33.25,33.0,33.0,387500,0.0
2025-08-04 16:00:00+07:00,33.0,33.25,33.0,33.0,1744700,0.0
2025-08-05 09:00:00+07:00,33.0,33.5,33.0,33.5,841200,0.0
2025-08-05 10:00:00+07:00,33.5,33.75,32.75,33.0,7221600,0.0
2025-08-05 11:00:00+07:00,33.0,33.25,33.0,33.0,3083500,0.0
2025-08-05 12:00:00+07:00,33.25,33.25,33.0,33.25,1264700,0.0
2025-08-05 13:00:00+07:00,33.25,33.25,33.25,33.25,864700,0.0
2025-08-05 14:00:00+07:00,33.25,33.75,33.25,33.5,4171000,0.0
2025-08-05 15:00:00+07:00,33.25,33.75,33.25,33.5,1556800,0.0
2025-08-05 16:00:00+07:00,33.5,33.5,33.25,33.5,2492000,0.0
2025-08-06 09:00:00+07:00,33.75,33.75,33.5,33.5,219400,0.0
2025-08-06 10:00:00+07:00,33.5,34.25,33.25,33.75,3444700,0.0
2025-08-06 11:00:00+07:00,33.75,34.25,33.75,34.25,1930400,0.0
2025-08-06 12:00:00+07:00,34.25,34.25,33.75,33.75,1442800,0.0
2025-08-06 13:00:00+07:00,34.0,34.0,34.0,34.0,59300,0.0
2025-08-06 14:00:00+07:00,34.0,34.25,33.75,34.25,1619700,0.0
2025-08-06 15:00:00+07:00,34.25,34.25,33.75,33.75,1003000,0.0
2025-08-06 16:00:00+07:00,33.75,34.0,33.75,34.0,1491400,0.0
2025-08-07 09:00:00+07:00,34.0,34.25,34.0,34.25,397200,0.0
2025-08-07 10:00:00+07:00,34.0,34.25,33.5,34.25,3932100,0.0
2025-08-07 11:00:00+07:00,34.25,34.25,34.0,34.25,659300,0.0
2025-08-07 12:00:00+07:00,34.25,34.25,34.0,34.0,263900,0.0
2025-08-07 13:00:00+07:00,34.25,34.25,34.25,34.25,169200,0.0
2025-08-07 14:00:00+07:00,34.25,34.25,33.75,33.75,2073500,0.0
2025-08-07 15:00:00+07:00,34.0,34.0,33.5,33.5,992800,0.0
2025-08-07 16:00:00+07:00,33.75,33.75,33.5,33.5,1532900,0.0
2025-08-08 09:00:00+07:00,33.5,33.75,33.5,33.75,296800,0.0
2025-08-08 10:00:00+07:00,33.75,34.25,33.75,33.75,3992900,0.0
2025-08-08 11:00:00+07:00,34.0,34.0,33.5,33.75,2151000,0.0
2025-08-08 12:00:00+07:00,34.0,34.0,33.75,34.0,1755200,0.0
2025-08-08 13:00:00+07:00,34.0,34.25,34.0,34.0,468000,0.0
2025-08-08 14:00:00+07:00,34.25,34.25,33.75,33.75,938200,0.0
2025-08-08 15:00:00+07:00,33.75,34.0,33.75,33.75,747500,0.0
2025-08-08 16:00:00+07:00,33.75,34.0,33.75,34.0,1881100,0.0
2025-08-13 09:00:00+07:00,34.0,34.25,34.0,34.25,1423600,0.0
2025-08-13 10:00:00+07:00,34.5,34.5,33.75,34.0,2455700,0.0
2025-08-13 11:00:00+07:00,34.0,34.25,34.0,34.0,832600,0.0
2025-08-13 12:00:00+07:00,34.25,34.25,34.0,34.25,153100,0.0
2025-08-13 13:00:00+07:00,34.25,34.25,34.0,34.0,51600,0.0
2025-08-13 14:00:00+07:00,34.25,34.5,34.0,34.25,2467500,0.0
2025-08-13 15:00:00+07:00,34.25,34.5,34.0,34.25,1061000,0.0
2025-08-13 16:00:00+07:00,34.25,34.25,34.0,34.25,1554700,0.0
2025-08-14 09:00:00+07:00,34.25,34.25,34.0,34.0,607100,0.0
2025-08-14 10:00:00+07:00,34.0,34.25,32.75,33.0,6908800,0.0
2025-08-14 11:00:00+07:00,33.0,33.25,32.25,32.5,8734700,0.0
2025-08-14 12:00:00+07:00,32.5,32.5,32.25,32.25,727000,0.0
2025-08-14 13:00:00+07:00,32.25,32.75,32.25,32.75,951100,0.0
2025-08-14 14:00:00+07:00,32.75,32.75,32.25,32.75,2103900,0.0
2025-08-14 15:00:00+07:00,32.75,32.75,32.25,32.5,5018100,0.0
2025-08-14 16:00:00+07:00,32.25,32.5,32.25,32.25,2427000,0.0
2025-08-15 09:00:00+07:00,32.25,32.75,32.25,32.75,558600,0.0
2025-08-15 10:00:00+07:00,32.5,33.0,32.25,33.0,1514400,0.0
2025-08-15 11:00:00+07:00,33.0,33.0,32.75,32.75,1381000,0.0
2025-08-15 12:00:00+07:00,32.75,32.75,32.5,32.75,3144500,0.0
2025-08-15 13:00:00+07:00,32.75,32.75,32.5,32.75,33200,0.0
2025-08-15 14:00:00+07:00,32.75,32.75,32.5,32.75,898300,0.0
2025-08-15 15:00:00+07:00,32.5,32.75,32.5,32.5,370600,0.0
2025-08-15 16:00:00+07:00,32.75,32.75,32.5,32.75,1504700,0.0
2025-08-18 09:00:00+07:00,32.5,32.5,32.25,32.5,426000,0.0
2025-08-18 10:00:00+07:00,32.5,32.75,32.25,32.5,1187300,0.0
2025-08-18 11:00:00+07:00,32.5,32.75,32.25,32.25,297300,0.0
2025-08-18 12:00:00+07:00,32.5,32.5,32.25,32.25,272100,0.0
2025-08-18 13:00:00+07:00,32.25,32.5,32.0,32.0,1797600,0.0
2025-08-18 14:00:00+07:00,32.0,32.25,31.5,31.75,5976000,0.0
2025-08-18 15:00:00+07:00,31.5,31.75,31.5,31.5,2808500,0.0
2025-08-18 16:00:00+07:00,31.5,32.0,31.5,32.0,1919600,0.0
2025-08-19 09:00:00+07:00,31.75,31.75,31.25,31.5,400800,0.0
2025-08-19 10:00:00+07:00,31.5,31.5,30.5,30.75,11399200,0.0
2025-08-19 11:00:00+07:00,30.75,31.0,30.5,30.75,2425900,0.0
2025-08-19 12:00:00+07:00,30.75,31.0,30.75,30.75,1308500,0.0
2025-08-19 13:00:00+07:00,30.75,30.75,30.5,30.75,1290900,0.0
2025-08-19 14:00:00+07:00,30.75,31.0,30.75,31.0,858500,0.0
2025-08-19 15:00:00+07:00,30.75,31.0,30.5,30.5,1507900,0.0
2025-08-19 16:00:00+07:00,30.5,30.75,30.25,30.5,6454100,0.0
2025-08-20 09:00:00+07:00,30.25,30.25,30.0,30.25,618800,0.0
2025-08-20 10:00:00+07:00,30.0,30.5,29.75,30.0,8299900,0.0
2025-08-20 11:00:00+07:00,30.25,30.5,30.0,30.25,2890700,0.0
2025-08-20 12:00:00+07:00,30.25,30.5,30.25,30.25,113200,0.0
2025-08-20 13:00:00+07:00,30.5,30.75,30.25,30.5,853100,0.0
2025-08-20 14:00:00+07:00,30.5,31.5,30.5,31.25,6805400,0.0
2025-08-20 15:00:00+07:00,31.25,32.0,31.0,31.75,7513000,0.0
2025-08-20 16:00:00+07:00,31.75,32.0,31.5,32.0,3386400,0.0
2025-08-21 09:00:00+07:00,32.25,32.75,32.0,32.5,1661000,0.0
2025-08-21 10:00:00+07:00,32.5,32.75,31.5,31.75,6529500,0.0
2025-08-21 11:00:00+07:00,31.75,32.0,31.5,31.5,2501500,0.0
2025-08-21 12:00:00+07:00,31.75,32.0,31.5,31.5,468400,0.0
2025-08-21 13:00:00+07:00,31.5,31.75,31.5,31.5,257400,0.0
2025-08-21 14:00:00+07:00,31.5,32.5,31.5,32.0,6192300,0.0
2025-08-21 15:00:00+07:00,32.25,32.25,31.75,32.0,1878800,0.0
2025-08-21 16:00:00+07:00,32.0,32.25,31.75,32.0,2115000,0.0
2025-08-22 09:00:00+07:00,32.25,32.75,32.25,32.75,767200,0.0
2025-08-22 10:00:00+07:00,32.5,32.75,32.0,32.25,2043500,0.0
2025-08-22 11:00:00+07:00,32.25,32.5,32.0,32.25,1098400,0.0
2025-08-22 12:00:00+07:00,32.25,32.25,32.0,32.0,115600,0.0
2025-08-22 13:00:00+07:00,32.25,32.25,32.0,32.25,387200,0.0
2025-08-22 14:00:00+07:00,32.25,32.25,32.0,32.25,556300,0.0
2025-08-22 15:00:00+07:00,32.25,32.25,32.0,32.25,845300,0.0
2025-08-22 16:00:00+07:00,32.25,32.25,32.0,32.0,1297600,0.0
2025-08-25 09:00:00+07:00,32.5,32.5,32.5,32.5,258700,0.0
2025-08-25 10:00:00+07:00,32.5,32.5,31.75,32.25,3005000,0.0
2025-08-25 11:00:00+07:00,32.25,32.5,32.0,32.5,937100,0.0
2025-08-25 12:00:00+07:00,32.5,32.5,32.25,32.25,148800,0.0
2025-08-25 13:00:00+07:00,32.5,32.5,32.25,32.5,152000,0.0
2025-08-25 14:00:00+07:00,32.5,32.75,32.25,32.25,1795300,0.0
2025-08-25 15:00:00+07:00,32.5,32.75,32.25,32.75,607600,0.0
2025-08-25 16:00:00+07:00,32.75,32.75,32.5,32.75,1567000,0.0
2025-08-26 09:00:00+07:00,32.75,33.0,32.75,33.0,347600,0.0
2025-08-26 10:00:00+07:00,33.0,33.0,32.25,32.75,3217100,0.0
2025-08-26 11:00:00+07:00,32.75,33.0,32.5,32.5,1034600,0.0
2025-08-26 12:00:00+07:00,32.5,32.75,32.5,32.5,154200,0.0
2025-08-26 13:00:00+07:00,32.5,32.5,32.25,32.5,602600,0.0
2025-08-26 14:00:00+07:00,32.5,32.5,32.25,32.25,337700,0.0
2025-08-26 15:00:00+07:00,32.25,32.5,32.0,32.25,2115000,0.0
2025-08-26 16:00:00+07:00,32.25,32.5,32.0,32.25,2913100,0.0
2025-08-27 09:00:00+07:00,32.25,32.25,32.25,32.25,77900,0.0
2025-08-27 10:00:00+07:00,32.25,32.25,31.75,32.0,3005000,0.0
2025-08-27 11:00:00+07:00,32.0,32.25,31.75,32.25,804600,0.0
2025-08-27 12:00:00+07:00,32.0,32.25,32.0,32.25,187900,0.0
2025-08-27 13:00:00+07:00,32.0,32.0,32.0,32.0,104100,0.0
2025-08-27 14:00:00+07:00,32.0,32.25,31.75,32.25,2679500,0.0
2025-08-27 15:00:00+07:00,32.0,32.25,32.0,32.0,636600,0.0
2025-08-27 16:00:00+07:00,32.0,32.25,31.75,31.75,2356800,0.0
2025-08-28 09:00:00+07:00,31.75,32.0,31.75,32.0,138000,0.0
2025-08-28 10:00:00+07:00,32.0,32.25,31.75,31.75,2071200,0.0
2025-08-28 11:00:00+07:00,32.0,32.0,31.75,32.0,461500,0.0
2025-08-28 12:00:00+07:00,32.0,32.0,31.75,31.75,491600,0.0
2025-08-28 13:00:00+07:00,32.0,32.0,32.0,32.0,121400,0.0
2025-08-28 14:00:00+07:00,32.0,32.25,31.75,32.0,1472600,0.0
2025-08-28 15:00:00+07:00,32.0,32.5,32.0,32.25,1983400,0.0
2025-08-28 16:00:00+07:00,32.25,32.5,32.0,32.5,2078900,0.0
2025-08-29 09:00:00+07:00,32.75,32.75,32.75,32.75,670300,0.0
2025-08-29 10:00:00+07:00,33.0,33.0,32.0,32.25,2036300,0.0
2025-08-29 11:00:00+07:00,32.25,32.5,32.0,32.25,1057700,0.0
2025-08-29 12:00:00+07:00,32.25,32.25,32.0,32.0,341600,0.0
2025-08-29 13:00:00+07:00,32.25,32.25,32.25,32.25,24300,0.0
2025-08-29 14:00:00+07:00,32.25,32.5,32.0,32.25,1491600,0.0
2025-08-29 15:00:00+07:00,32.25,32.5,31.5,32.0,6126400,0.0
2025-08-29 16:00:00+07:00,32.0,32.25,31.75,32.0,2324900,0.0
2025-09-01 09:00:00+07:00,32.0,32.0,32.0,32.0,44800,0.0
2025-09-01 10:00:00+07:00,31.75,32.75,31.75,32.5,2514400,0.0
2025-09-01 11:00:00+07:00,32.5,33.0,32.25,32.5,4305800,0.0
2025-09-01 12:00:00+07:00,32.75,33.0,32.75,33.0,408900,0.0
2025-09-01 13:00:00+07:00,32.75,33.0,32.75,33.0,65800,0.0
2025-09-01 14:00:00+07:00,33.0,33.25,32.75,32.75,2806600,0.0
2025-09-01 15:00:00+07:00,33.0,33.25,32.75,33.25,1313000,0.0
2025-09-01 16:00:00+07:00,33.25,33.25,33.0,33.25,2327500,0.0
2025-09-02 09:00:00+07:00,33.25,33.25,33.25,33.25,357600,0.0
2025-09-02 10:00:00+07:00,33.25,34.25,33.25,34.0,9423000,0.0
2025-09-02 11:00:00+07:00,34.0,34.5,34.0,34.5,5639600,0.0
2025-09-02 12:00:00+07:00,34.5,34.5,34.0,34.25,2611100,0.0
2025-09-02 13:00:00+07:00,34.5,34.5,34.5,34.5,61200,0.0
2025-09-02 14:00:00+07:00,34.25,34.75,34.25,34.5,4934400,0.0
2025-09-02 15:00:00+07:00,34.25,34.5,34.25,34.5,2774000,0.0
2025-09-02 16:00:00+07:00,34.5,34.75,34.25,34.75,3585900,0.0
2025-09-03 09:00:00+07:00,34.5,34.5,34.25,34.5,512600,0.0
2025-09-03 10:00:00+07:00,34.5,34.5,33.5,33.75,9569600,0.0
2025-09-03 11:00:00+07:00,33.75,34.25,33.5,34.25,3003100,0.0
2025-09-03 12:00:00+07:00,34.25,34.25,34.0,34.0,162100,0.0
2025-09-03 13:00:00+07:00,34.25,34.25,33.75,33.75,1148100,0.0
2025-09-03 14:00:00+07:00,33.75,34.0,33.5,33.5,1851400,0.0
2025-09-03 15:00:00+07:00,33.75,34.0,33.5,34.0,2902200,0.0
2025-09-03 16:00:00+07:00,33.75,34.0,33.75,33.75,1800200,0.0
2025-09-04 09:00:00+07:00,34.0,34.0,33.75,34.0,113100,0.0
2025-09-04 10:00:00+07:00,34.0,34.0,33.5,33.75,1406400,0.0
2025-09-04 11:00:00+07:00,33.75,34.0,33.75,33.75,757100,0.0
2025-09-04 12:00:00+07:00,33.75,34.0,33.75,33.75,38200,0.0
2025-09-04 13:00:00+07:00,34.0,34.0,33.75,34.0,14900,0.0
2025-09-04 14:00:00+07:00,33.75,34.0,33.5,33.5,2033000,0.0
2025-09-04 15:00:00+07:00,33.5,33.75,33.5,33.75,835000,0.0
2025-09-04 16:00:00+07:00,33.5,33.75,33.5,33.5,719700,0.0
2025-09-05 09:00:00+07:00,33.75,34.0,33.75,33.75,51200,0.0
2025-09-05 10:00:00+07:00,33.75,34.0,33.5,33.75,3143000,0.0
2025-09-05 11:00:00+07:00,33.75,34.0,33.75,33.75,1313300,0.0
2025-09-05 12:00:00+07:00,33.75,34.0,33.75,33.75,21700,0.0
2025-09-05 13:00:00+07:00,33.75,33.75,33.75,33.75,23200,0.0
2025-09-05 14:00:00+07:00,33.75,34.25,33.75,34.0,2163500,0.0
2025-09-05 15:00:00+07:00,34.0,34.25,33.75,34.0,908700,0.0
2025-09-05 16:00:00+07:00,34.0,34.0,33.75,33.75,624500,0.0
2025-09-08 09:00:00+07:00,34.0,34.25,34.0,34.25,542000,0.0
2025-09-08 10:00:00+07:00,34.25,34.5,33.75,33.75,3432900,0.0
2025-09-08 11:00:00+07:00,34.0,34.0,33.5,33.75,3052000,0.0
2025-09-08 12:00:00+07:00,34.0,34.0,33.75,33.75,131900,0.0
2025-09-08 13:00:00+07:00,34.0,34.0,34.0,34.0,34300,0.0
2025-09-08 14:00:00+07:00,34.0,34.25,33.75,34.0,2017700,0.0
2025-09-08 15:00:00+07:00,33.75,34.0,33.75,34.0,497000,0.0
2025-09-08 16:00:00+07:00,33.75,34.0,33.75,33.75,1207300,0.0
2025-09-09 09:00:00+07:00,33.75,34.25,33.75,34.25,1952300,0.0
2025-09-09 10:00:00+07:00,34.0,34.25,33.5,33.75,4153100,0.0
2025-09-09 11:00:00+07:00,34.0,34.0,33.5,34.0,2495000,0.0
2025-09-09 12:00:00+07:00,34.0,34.0,33.75,33.75,279700,0.0
2025-09-09 13:00:00+07:00,33.75,34.0,33.75,33.75,215700,0.0
2025-09-09 14:00:00+07:00,33.75,34.0,33.75,33.75,832800,0.0
2025-09-09 15:00:00+07:00,33.75,34.0,33.75,33.75,340800,0.0
2025-09-09 16:00:00+07:00,34.0,34.0,33.75,33.75,4084400,0.0
2025-09-10 09:00:00+07:00,33.0,33.5,33.0,33.25,1745200,0.0
2025-09-10 10:00:00+07:00,33.25,33.75,33.0,33.25,4066000,0.0
2025-09-10 11:00:00+07:00,33.25,33.75,33.25,33.75,672600,0.0
2025-09-10 12:00:00+07:00,33.75,33.75,33.5,33.5,146900,0.0
2025-09-10 13:00:00+07:00,33.75,33.75,33.5,33.5,98000,0.0
2025-09-10 14:00:00+07:00,33.75,33.75,33.25,33.75,2196900,0.0
2025-09-10 15:00:00+07:00,33.75,34.25,33.5,34.0,2248100,0.0
2025-09-10 16:00:00+07:00,34.25,34.25,34.0,34.0,2923400,0.0
2025-09-11 09:00:00+07:00,34.5,35.25,34.5,35.0,3250600,0.0
2025-09-11 10:00:00+07:00,34.75,35.75,34.5,35.25,15903700,0.0
2025-09-11 11:00:00+07:00,35.25,35.5,35.0,35.25,1910700,0.0
2025-09-11 12:00:00+07:00,35.25,35.5,35.0,35.25,2263000,0.0
2025-09-11 13:00:00+07:00,35.25,35.5,35.25,35.5,164600,0.0
2025-09-11 14:00:00+07:00,35.5,35.5,35.0,35.5,2522200,0.0
2025-09-11 15:00:00+07:00,35.5,35.5,35.25,35.5,1182500,0.0
2025-09-11 16:00:00+07:00,35.5,35.5,35.0,35.0,2571100,0.0
2025-09-12 09:00:00+07:00,35.0,35.0,34.75,34.75,562800,0.0
2025-09-12 10:00:00+07:00,34.75,35.5,34.5,35.25,4870400,0.0
2025-09-12 11:00:00+07:00,35.5,35.5,35.0,35.25,1420200,0.0
2025-09-12 12:00:00+07:00,35.5,35.5,35.25,35.25,223400,0.0
2025-09-12 13:00:00+07:00,35.5,35.5,35.25,35.25,1025100,0.0
2025-09-12 14:00:00+07:00,35.25,35.5,35.0,35.25,2366800,0.0
2025-09-12 15:00:00+07:00,35.25,35.5,35.25,35.5,795100,0.0
2025-09-12 16:00:00+07:00,35.25,35.5,35.25,35.5,1121000,0.0
2025-09-15 09:00:00+07:00,35.75,35.75,35.75,35.75,1019200,0.0
2025-09-15 10:00:00+07:00,35.75,37.25,35.75,36.5,15894900,0.0
2025-09-15 11:00:00+07:00,36.5,36.75,36.25,36.25,2914300,0.0
2025-09-15 12:00:00+07:00,36.5,36.75,36.25,36.5,516300,0.0
2025-09-15 13:00:00+07:00,36.75,36.75,36.5,36.5,100700,0.0
2025-09-15 14:00:00+07:00,36.75,36.75,36.5,36.5,1023600,0.0
2025-09-15 15:00:00+07:00,36.5,37.0,36.5,37.0,1556700,0.0
2025-09-15 16:00:00+07:00,36.75,37.0,36.5,36.75,3748400,0.0
2025-09-16 09:00:00+07:00,36.75,37.0,36.5,36.75,627100,0.0
2025-09-16 10:00:00+07:00,36.5,37.25,36.5,37.0,4999400,0.0
2025-09-16 11:00:00+07:00,37.25,37.25,36.75,37.25,1798900,0.0
2025-09-16 12:00:00+07:00,37.0,37.25,37.0,37.25,351100,0.0
2025-09-16 13:00:00+07:00,37.25,37.25,36.75,36.75,1158300,0.0
2025-09-16 14:00:00+07:00,36.75,37.25,36.75,36.75,2240300,0.0
2025-09-16 15:00:00+07:00,36.75,37.0,36.75,37.0,936700,0.0
2025-09-16 16:00:00+07:00,37.0,37.0,36.75,36.75,1961700,0.0
2025-09-17 09:00:00+07:00,37.25,37.25,37.25,37.25,192600,0.0
2025-09-17 10:00:00+07:00,37.25,37.25,36.75,37.25,2191400,0.0
2025-09-17 11:00:00+07:00,37.25,37.5,37.0,37.25,1817700,0.0
2025-09-17 12:00:00+07:00,37.5,37.5,37.0,37.25,948000,0.0
2025-09-17 13:00:00+07:00,37.25,37.25,37.0,37.25,175100,0.0
2025-09-17 14:00:00+07:00,37.25,37.25,37.0,37.0,564900,0.0
2025-09-17 15:00:00+07:00,37.0,37.25,36.75,36.75,1688300,0.0
2025-09-17 16:00:00+07:00,37.0,37.0,36.75,37.0,1309300,0.0
2025-09-18 09:00:00+07:00,37.0,37.0,36.75,36.75,86400,0.0
2025-09-18 10:00:00+07:00,36.75,37.0,36.0,36.5,5963900,0.0
2025-09-18 11:00:00+07:00,36.75,36.75,36.5,36.75,1337400,0.0
2025-09-18 12:00:00+07:00,36.5,36.75,36.5,36.5,316200,0.0
2025-09-18 13:00:00+07:00,36.5,36.75,36.5,36.75,147100,0.0
2025-09-18 14:00:00+07:00,36.5,36.75,36.25,36.75,1627500,0.0
2025-09-18 15:00:00+07:00,36.5,36.75,36.5,36.75,746400,0.0
2025-09-18 16:00:00+07:00,36.75,36.75,36.5,36.5,1271500,0.0
2025-09-19 09:00:00+07:00,36.5,36.5,36.5,36.5,67900,0.0
2025-09-19 10:00:00+07:00,36.5,36.75,36.25,36.5,2078300,0.0
2025-09-19 11:00:00+07:00,36.5,37.0,36.25,36.75,1857500,0.0
2025-09-19 12:00:00+07:00,36.75,37.0,36.5,36.5,272400,0.0
2025-09-19 13:00:00+07:00,36.75,36.75,36.5,36.5,51900,0.0
2025-09-19 14:00:00+07:00,36.75,37.0,36.75,36.75,487400,0.0
2025-09-19 15:00:00+07:00,36.75,37.0,36.75,36.75,927000,0.0
2025-09-19 16:00:00+07:00,37.0,37.0,36.5,37.0,3673000,0.0
2025-09-22 09:00:00+07:00,36.75,36.75,36.5,36.75,232800,0.0
2025-09-22 10:00:00+07:00,36.75,37.0,36.25,36.5,2570300,0.0
2025-09-22 11:00:00+07:00,36.5,36.75,36.5,36.5,648900,0.0
2025-09-22 12:00:00+07:00,36.5,36.75,36.5,36.5,187000,0.0
2025-09-22 13:00:00+07:00,36.5,36.5,36.5,36.5,74900,0.0
2025-09-22 14:00:00+07:00,36.5,36.5,36.25,36.25,711800,0.0
2025-09-22 15:00:00+07:00,36.5,36.5,36.0,36.0,1174100,0.0
2025-09-22 16:00:00+07:00,36.0,36.25,36.0,36.0,1763200,0.0
2025-09-23 09:00:00+07:00,35.5,35.75,35.5,35.75,582800,0.0
2025-09-23 10:00:00+07:00,35.75,35.75,34.75,34.75,7826100,0.0
2025-09-23 11:00:00+07:00,34.75,35.25,34.5,35.0,4130900,0.0
2025-09-23 12:00:00+07:00,35.0,35.0,34.75,34.75,82500,0.0
2025-09-23 13:00:00+07:00,35.0,35.0,34.75,35.0,67100,0.0
2025-09-23 14:00:00+07:00,35.0,35.0,34.5,34.75,2237900,0.0
2025-09-23 15:00:00+07:00,34.75,34.75,34.25,34.5,4774100,0.0
2025-09-23 16:00:00+07:00,34.5,34.75,34.25,34.5,4681400,0.0
2025-09-24 09:00:00+07:00,34.75,35.0,34.75,35.0,299500,0.0
2025-09-24 10:00:00+07:00,35.0,35.75,34.5,35.75,3733900,0.0
2025-09-24 11:00:00+07:00,35.75,35.75,35.25,35.25,1167800,0.0
2025-09-24 12:00:00+07:00,35.25,35.75,35.25,35.25,560200,0.0
2025-09-24 13:00:00+07:00,35.25,35.5,35.25,35.25,105000,0.0
2025-09-24 14:00:00+07:00,35.25,35.5,35.25,35.25,348500,0.0
2025-09-24 15:00:00+07:00,35.25,35.5,35.25,35.25,227400,0.0
2025-09-24 16:00:00+07:00,35.5,35.5,35.25,35.25,2220700,0.0
2025-09-25 09:00:00+07:00,35.75,36.0,35.75,36.0,878800,0.0
2025-09-25 10:00:00+07:00,36.25,36.5,35.75,36.25,5378300,0.0
2025-09-25 11:00:00+07:00,36.25,36.5,36.0,36.25,642100,0.0
2025-09-25 12:00:00+07:00,36.25,36.5,36.25,36.25,1131500,0.0
2025-09-25 13:00:00+07:00,36.25,36.5,36.25,36.5,56500,0.0
2025-09-25 14:00:00+07:00,36.25,36.5,36.25,36.25,371400,0.0
2025-09-25 15:00:00+07:00,36.5,36.5,36.25,36.25,392200,0.0
2025-09-25 16:00:00+07:00,36.5,36.5,36.25,36.25,828400,0.0
2025-09-26 09:00:00+07:00,36.75,36.75,36.5,36.75,803100,0.0
2025-09-26 10:00:00+07:00,36.75,37.25,36.25,36.5,5972500,0.0
2025-09-26 11:00:00+07:00,36.5,36.75,36.25,36.5,556700,0.0
2025-09-26 12:00:00+07:00,36.5,36.75,36.5,36.5,203400,0.0
2025-09-26 13:00:00+07:00,36.5,36.75,36.5,36.75,533600,0.0
2025-09-26 14:00:00+07:00,36.75,37.0,36.5,36.75,1884000,0.0
2025-09-26 15:00:00+07:00,36.5,36.75,36.5,36.75,592700,0.0
2025-09-26 16:00:00+07:00,36.75,36.75,36.5,36.75,1972700,0.0
2025-09-29 09:00:00+07:00,37.0,37.25,37.0,37.0,1549100,0.0
2025-09-29 10:00:00+07:00,37.25,37.25,35.75,36.5,5541500,0.0
2025-09-29 11:00:00+07:00,36.25,36.5,36.0,36.25,1070100,0.0
2025-09-29 12:00:00+07:00,36.0,36.25,36.0,36.0,98000,0.0
2025-09-29 13:00:00+07:00,36.0,36.0,36.0,36.0,127600,0.0
2025-09-29 14:00:00+07:00,36.0,36.25,36.0,36.0,356500,0.0
2025-09-29 15:00:00+07:00,36.0,36.25,36.0,36.0,430800,0.0
2025-09-29 16:00:00+07:00,36.0,36.75,36.0,36.25,2538600,0.0
2025-09-30 09:00:00+07:00,36.0,36.0,35.75,36.0,196800,0.0
2025-09-30 10:00:00+07:00,35.75,36.0,35.5,35.5,1957900,0.0
2025-09-30 11:00:00+07:00,35.5,35.75,35.25,35.75,1256900,0.0
2025-09-30 12:00:00+07:00,35.5,35.5,35.25,35.5,346200,0.0
2025-09-30 13:00:00+07:00,35.25,35.25,35.25,35.25,37100,0.0
2025-09-30 14:00:00+07:00,35.25,35.5,35.0,35.25,1677000,0.0
2025-09-30 15:00:00+07:00,35.25,35.5,35.0,35.25,2022800,0.0
2025-09-30 16:00:00+07:00,35.25,35.5,35.0,35.25,3703800,0.0
2025-10-01 09:00:00+07:00,35.0,35.25,35.0,35.0,344400,0.0
2025-10-01 10:00:00+07:00,35.0,35.5,35.0,35.25,881700,0.0
2025-10-01 11:00:00+07:00,35.0,35.25,35.0,35.0,140000,0.0
2025-10-01 12:00:00+07:00,35.25,35.25,35.0,35.0,100700,0.0
2025-10-01 13:00:00+07:00,35.0,35.25,35.0,35.25,57400,0.0
2025-10-01 14:00:00+07:00,35.25,35.25,35.0,35.0,292300,0.0
2025-10-01 15:00:00+07:00,35.0,35.25,35.0,35.25,271300,0.0
2025-10-01 16:00:00+07:00,35.25,35.25,35.0,35.0,613800,0.0
2025-10-02 09:00:00+07:00,35.25,35.75,35.25,35.75,1040600,0.0
2025-10-02 10:00:00+07:00,35.75,35.75,35.0,35.0,1927900,0.0
2025-10-02 11:00:00+07:00,35.25,35.5,35.0,35.5,898500,0.0
2025-10-02 12:00:00+07:00,35.5,35.5,35.25,35.5,129700,0.0
2025-10-02 13:00:00+07:00,35.5,35.5,35.5,35.5,32100,0.0
2025-10-02 14:00:00+07:00,35.5,35.5,35.25,35.5,332500,0.0
2025-10-02 15:00:00+07:00,35.5,35.5,35.25,35.25,207400,0.0
2025-10-02 16:00:00+07:00,35.5,35.5,35.25,35.5,1209600,0.0
2025-10-03 09:00:00+07:00,35.25,35.25,35.25,35.25,20500,0.0
2025-10-03 10:00:00+07:00,35.5,35.5,34.75,35.0,1518500,0.0
2025-10-03 11:00:00+07:00,35.0,35.0,34.5,34.5,1671300,0.0
2025-10-03 12:00:00+07:00,34.75,34.75,34.5,34.5,88400,0.0
2025-10-03 13:00:00+07:00,34.5,34.75,34.5,34.75,946900,0.0
2025-10-03 14:00:00+07:00,35.0,36.25,35.0,36.0,5412700,0.0
2025-10-03 15:00:00+07:00,36.0,36.25,35.75,36.0,2739400,0.0
2025-10-03 16:00:00+07:00,36.25,36.25,36.0,36.0,1154700,0.0
2025-10-06 09:00:00+07:00,36.5,36.75,36.25,36.5,732200,0.0
2025-10-06 10:00:00+07:00,36.25,36.5,36.0,36.25,1650100,0.0
2025-10-06 11:00:00+07:00,36.25,36.25,35.25,35.5,2738800,0.0
2025-10-06 12:00:00+07:00,35.5,35.75,35.25,35.25,1080800,0.0
2025-10-06 13:00:00+07:00,35.5,35.5,35.25,35.5,84100,0.0
2025-10-06 14:00:00+07:00,35.5,35.5,35.0,35.25,2331300,0.0
2025-10-06 15:00:00+07:00,35.25,35.25,35.0,35.25,725300,0.0
2025-10-06 16:00:00+07:00,35.25,35.25,35.0,35.0,2388400,0.0
2025-10-07 09:00:00+07:00,35.0,35.25,35.0,35.25,131100,0.0
2025-10-07 10:00:00+07:00,35.0,35.5,35.0,35.5,887500,0.0
2025-10-07 11:00:00+07:00,35.5,35.75,35.25,35.5,821000,0.0
2025-10-07 12:00:00+07:00,35.5,35.5,35.25,35.25,804000,0.0
2025-10-07 13:00:00+07:00,35.25,35.25,35.25,35.25,48800,0.0
2025-10-07 14:00:00+07:00,35.25,35.5,35.25,35.25,97000,0.0
2025-10-07 15:00:00+07:00,35.5,35.5,35.25,35.5,497400,0.0
2025-10-07 16:00:00+07:00,35.5,35.5,35.25,35.25,734500,0.0
2025-10-08 09:00:00+07:00,35.5,35.5,35.5,35.5,24200,0.0
2025-10-08 10:00:00+07:00,35.5,35.5,35.0,35.0,724200,0.0
2025-10-08 11:00:00+07:00,35.25,35.25,35.0,35.25,120500,0.0
2025-10-08 12:00:00+07:00,35.25,35.25,35.0,35.0,44700,0.0
2025-10-08 13:00:00+07:00,35.0,35.0,35.0,35.0,30000,0.0
2025-10-08 14:00:00+07:00,35.0,35.25,34.75,35.0,1160200,0.0
2025-10-08 15:00:00+07:00,35.0,35.0,34.75,35.0,932400,0.0
2025-10-08 16:00:00+07:00,34.75,35.0,34.75,34.75,976400,0.0
2025-10-09 09:00:00+07:00,34.75,34.75,34.75,34.75,275800,0.0
2025-10-09 10:00:00+07:00,34.75,35.0,34.5,34.75,4131700,0.0
2025-10-09 11:00:00+07:00,34.75,35.0,34.75,35.0,140600,0.0
2025-10-09 12:00:00+07:00,34.75,35.0,34.75,34.75,56500,0.0
2025-10-09 13:00:00+07:00,35.0,35.0,34.75,35.0,130400,0.0
2025-10-09 14:00:00+07:00,34.75,35.0,34.75,34.75,539100,0.0
2025-10-09 15:00:00+07:00,35.0,35.0,34.75,35.0,477800,0.0
2025-10-09 16:00:00+07:00,35.0,35.0,34.75,35.0,1023700,0.0
2025-10-10 09:00:00+07:00,35.25,35.5,35.0,35.0,1456500,0.0
2025-10-10 10:00:00+07:00,35.25,35.25,34.5,34.75,3622600,0.0
2025-10-10 11:00:00+07:00,34.75,34.75,34.5,34.5,281200,0.0
2025-10-10 12:00:00+07:00,34.75,34.75,34.5,34.75,282600,0.0
2025-10-10 13:00:00+07:00,34.5,34.75,34.5,34.75,199800,0.0
2025-10-10 14:00:00+07:00,34.5,34.75,34.0,34.0,3377000,0.0
2025-10-10 15:00:00+07:00,34.0,34.0,33.75,33.75,3595700,0.0
2025-10-10 16:00:00+07:00,34.0,34.0,33.75,34.0,3557200,0.0
2025-10-14 09:00:00+07:00,33.5,33.75,33.5,33.75,226900,0.0
2025-10-14 10:00:00+07:00,33.75,34.0,33.25,34.0,4245800,0.0
2025-10-14 11:00:00+07:00,33.75,34.0,33.5,34.0,1418000,0.0
2025-10-14 12:00:00+07:00,33.75,34.0,33.75,34.0,201900,0.0
2025-10-14 13:00:00+07:00,34.0,34.0,33.75,33.75,98700,0.0
2025-10-14 14:00:00+07:00,33.75,34.0,33.5,33.75,1777200,0.0
2025-10-14 15:00:00+07:00,34.0,34.0,33.5,33.75,1238600,0.0
2025-10-14 16:00:00+07:00,33.5,33.75,33.5,33.75,1851100,0.0
2025-10-15 09:00:00+07:00,34.0,34.0,34.0,34.0,125000,0.0
2025-10-15 10:00:00+07:00,34.0,34.5,33.5,34.5,3956800,0.0
2025-10-15 11:00:00+07:00,34.5,34.5,34.25,34.5,255600,0.0
2025-10-15 12:00:00+07:00,34.5,34.5,34.25,34.5,1174500,0.0
2025-10-15 13:00:00+07:00,34.5,34.5,34.5,34.5,315600,0.0
2025-10-15 14:00:00+07:00,34.5,34.75,34.5,34.5,360800,0.0
2025-10-15 15:00:00+07:00,34.5,35.0,34.5,35.0,4236400,0.0
2025-10-15 16:00:00+07:00,35.0,35.25,35.0,35.0,4320700,0.0
2025-10-16 09:00:00+07:00,35.0,35.0,35.0,35.0,261500,0.0
2025-10-16 10:00:00+07:00,35.0,35.25,34.75,35.0,1874500,0.0
2025-10-16 11:00:00+07:00,35.0,35.0,34.5,34.75,424200,0.0
2025-10-16 12:00:00+07:00,34.75,34.75,34.5,34.5,72000,0.0
2025-10-16 13:00:00+07:00,34.75,34.75,34.75,34.75,29000,0.0
2025-10-16 14:00:00+07:00,34.75,35.0,34.5,35.0,656700,0.0
2025-10-16 15:00:00+07:00,34.75,35.0,34.75,35.0,153000,0.0
2025-10-16 16:00:00+07:00,35.0,35.0,34.75,35.0,1279400,0.0
2025-10-17 09:00:00+07:00,34.75,34.75,34.5,34.5,427100,0.0
2025-10-17 10:00:00+07:00,34.5,34.5,34.0,34.0,2118400,0.0
2025-10-17 11:00:00+07:00,34.0,34.25,33.75,33.75,2598200,0.0
2025-10-17 12:00:00+07:00,34.0,34.0,33.75,33.75,61700,0.0
2025-10-17 13:00:00+07:00,33.75,34.0,33.75,33.75,161400,0.0
2025-10-17 14:00:00+07:00,33.75,34.0,33.25,33.5,2731300,0.0
2025-10-17 15:00:00+07:00,33.25,34.0,33.25,33.75,2283600,0.0
2025-10-17 16:00:00+07:00,34.0,34.0,33.75,33.75,1999800,0.0
2025-10-20 09:00:00+07:00,34.5,34.5,34.0,34.25,210300,0.0
2025-10-20 10:00:00+07:00,34.25,34.75,34.25,34.5,912800,0.0
2025-10-20 11:00:00+07:00,34.5,34.75,34.5,34.5,125000,0.0
2025-10-20 12:00:00+07:00,34.75,34.75,34.5,34.75,186500,0.0
2025-10-20 13:00:00+07:00,34.75,34.75,34.75,34.75,28700,0.0
2025-10-20 14:00:00+07:00,34.75,35.0,34.5,34.5,1920100,0.0
2025-10-20 15:00:00+07:00,34.5,34.75,34.5,34.5,225900,0.0
2025-10-20 16:00:00+07:00,34.5,34.75,34.5,34.75,877100,0.0
2025-10-21 09:00:00+07:00,34.75,34.75,34.5,34.5,261300,0.0
2025-10-21 10:00:00+07:00,34.75,34.75,34.25,34.5,982800,0.0
2025-10-21 11:00:00+07:00,34.5,34.75,34.5,34.75,421400,0.0
2025-10-21 12:00:00+07:00,34.5,34.75,34.5,34.5,95100,0.0
2025-10-21 13:00:00+07:00,34.5,34.5,34.5,34.5,7100,0.0
2025-10-21 14:00:00+07:00,34.5,34.75,34.25,34.5,1388200,0.0
2025-10-21 15:00:00+07:00,34.5,34.75,34.5,34.5,164600,0.0
2025-10-21 16:00:00+07:00,34.5,34.75,34.5,34.75,700500,0.0
2025-10-22 09:00:00+07:00,34.75,34.75,34.5,34.75,21000,0.0
2025-10-22 10:00:00+07:00,34.75,35.5,34.5,35.25,2301600,0.0
2025-10-22 11:00:00+07:00,35.25,35.75,35.25,35.5,3724900,0.0
2025-10-22 12:00:00+07:00,35.5,35.5,35.25,35.5,120300,0.0
2025-10-22 13:00:00+07:00,35.5,35.5,35.5,35.5,324300,0.0
2025-10-22 14:00:00+07:00,35.5,36.25,35.5,36.0,3283200,0.0
2025-10-22 15:00:00+07:00,36.25,36.25,36.0,36.0,2293400,0.0
2025-10-22 16:00:00+07:00,36.0,36.25,35.75,36.0,1757900,0.0
2025-10-24 09:00:00+07:00,36.75,37.0,36.75,36.75,1035800,0.0
2025-10-24 10:00:00+07:00,36.75,37.5,36.75,37.0,9563800,0.0
2025-10-24 11:00:00+07:00,37.0,37.25,37.0,37.0,1367800,0.0
2025-10-24 12:00:00+07:00,37.0,37.25,37.0,37.0,362100,0.0
2025-10-24 13:00:00+07:00,37.25,37.25,37.0,37.25,147200,0.0
2025-10-24 14:00:00+07:00,37.25,37.5,37.0,37.25,2641100,0.0
2025-10-24 15:00:00+07:00,37.25,37.5,37.0,37.25,861600,0.0
2025-10-24 16:00:00+07:00,37.25,37.25,37.0,37.0,1777000,0.0
2025-10-27 09:00:00+07:00,37.0,37.25,36.75,36.75,490000,0.0
2025-10-27 10:00:00+07:00,37.0,37.25,36.5,36.5,3071500,0.0
2025-10-27 11:00:00+07:00,36.5,36.75,36.5,36.75,195600,0.0
2025-10-27 12:00:00+07:00,36.5,36.75,36.5,36.75,98200,0.0
2025-10-27 13:00:00+07:00,36.75,36.75,36.5,36.5,84000,0.0
2025-10-27 14:00:00+07:00,36.5,36.75,36.25,36.25,3169200,0.0
2025-10-27 15:00:00+07:00,36.25,36.5,36.0,36.25,1884700,0.0
2025-10-27 16:00:00+07:00,36.25,36.5,36.0,36.0,2465700,0.0
2025-10-28 09:00:00+07:00,35.75,36.0,35.75,36.0,125700,0.0
2025-10-28 10:00:00+07:00,36.0,36.0,35.75,35.75,798000,0.0
2025-10-28 11:00:00+07:00,35.75,36.25,35.75,36.25,1365400,0.0
2025-10-28 12:00:00+07:00,36.0,36.25,36.0,36.25,62600,0.0
2025-10-28 13:00:00+07:00,36.25,36.25,36.25,36.25,38000,0.0
2025-10-28 14:00:00+07:00,36.0,36.25,36.0,36.25,172100,0.0
2025-10-28 15:00:00+07:00,36.25,36.25,35.5,35.5,1679800,0.0
2025-10-28 16:00:00+07:00,35.75,36.0,35.5,35.75,1383900,0.0
2025-10-29 09:00:00+07:00,35.75,36.25,35.75,36.25,476500,0.0
2025-10-29 10:00:00+07:00,36.25,36.75,35.75,36.25,2682700,0.0
2025-10-29 11:00:00+07:00,36.25,36.5,36.25,36.5,252400,0.0
2025-10-29 12:00:00+07:00,36.5,36.5,36.25,36.25,106900,0.0
2025-10-29 13:00:00+07:00,36.25,36.25,36.0,36.0,757700,0.0
2025-10-29 14:00:00+07:00,36.25,36.5,36.25,36.5,488100,0.0
2025-10-29 15:00:00+07:00,36.5,36.5,36.0,36.25,959800,0.0
2025-10-29 16:00:00+07:00,36.25,36.25,36.0,36.0,1486700,0.0
2025-10-30 09:00:00+07:00,35.75,35.75,35.25,35.25,1037000,0.0
2025-10-30 10:00:00+07:00,35.5,36.25,35.25,36.0,1861300,0.0
2025-10-30 11:00:00+07:00,36.0,36.25,35.75,35.75,1689600,0.0
2025-10-30 12:00:00+07:00,35.75,36.0,35.75,35.75,246600,0.0
2025-10-30 13:00:00+07:00,36.0,36.0,35.75,36.0,286000,0.0
2025-10-30 14:00:00+07:00,35.75,36.25,35.75,35.75,1404000,0.0
2025-10-30 15:00:00+07:00,35.75,36.0,35.75,35.75,646000,0.0
2025-10-30 16:00:00+07:00,35.75,36.0,35.5,35.5,2302600,0.0
2025-10-31 09:00:00+07:00,35.5,35.75,35.5,35.75,163000,5786550.0
2025-10-31 10:00:00+07:00,35.75,35.75,35.0,35.5,2046500,72448875.0
2025-10-31 11:00:00+07:00,35.75,35.75,35.5,35.5,40900,1455675.0
2025-10-31 12:00:00+07:00,35.5,35.75,35.5,35.5,80600,2861750.0
2025-10-31 13:00:00+07:00,35.5,35.5,35.5,35.5,16500,585750.0
2025-10-31 14:00:00+07:00,35.75,35.75,35.5,35.5,83600,2972500.0
2025-10-31 15:00:00+07:00,35.5,35.75,35.5,35.5,464500,16490375.0
2025-10-31 16:00:00+07:00,35.75,35.75,35.5,35.75,661100,23629550.0
